{
  "project_info": {
    "project_number": "xxxxxxxxxxxx",
    "firebase_url": "https://flutterfirebasedemo-9577a.firebaseio.com",
    "project_id": "flutterfirebasedemo-9577a",
    "storage_bucket": "flutterfirebasedemo-9577a.appspot.com"
  },
  "client": [
    {
      "client_info": {
        "mobilesdk_app_id": "1:xxxxxxxxxxxx:android:5156997b7ea052854b0005",
        "android_client_info": {
          "package_name": "com.example.flutter_otp_module"
        }
      },
      "oauth_client": [
        {
          "client_id": "xxxxxxxxxxxx-aes7i93i545nisjndnhbl71hh9e2gsm9.apps.googleusercontent.com",
          "client_type": 1,
          "android_info": {
            "package_name": "com.example.flutter_otp_module",
            "certificate_hash": "1e18d44e9885a2bbf5a937a95b10061cef7548ee"
          }
        },
        {
          "client_id": "xxxxxxxxxxxx-lodp80emo6di5l5t0d356g1a9gphitvj.apps.googleusercontent.com",
          "client_type": 3
        }
      ],
      "api_key": [
        {
          "current_key": "xxxxxxxxxxxx-g-famDgC3jx6VV4h-Njrw5A"
        }
      ],
      "services": {
        "appinvite_service": {
          "other_platform_oauth_client": [
            {
              "client_id": "xxxxxxxxxxxx-lodp80emo6di5l5t0d356g1a9gphitvj.apps.googleusercontent.com",
              "client_type": 3
            }
          ]
        }
      }
    }
  ],
  "configuration_version": "1"
}
